,song_title,lyrics
0,un día remix,you know that sometimes i think about us now and then but i never wanna fall again ah youre deepin the water yeah youre drowninus you question my love like its not enough but i hate that you know you know you know you got me tied up you regret it now but its your mistake what makes you think that my mind will change and you hate that you know you know you know you know you messed up one day youll love me again one day youll love me for sure one day youll wakeupfeelin how ive been feelin baby youll knock at my door one day youll love me again hug me again till the end one day youll beg me to try one day youll realize im more than your lover im more than your lover im your friend acércate un poquito na má que yo quiero que te quedes conmigo deja a tus amiga allá atrás que no vamos en un viaje escondido no vamo pa turks and caicos y ahí calmamo las ganas suéltate conmigo mamá que ya no hay marcha atrás una noche sin ti no es tan fácil baby que yo soy pa ti y tú eres pa mí nunca me dejes de querer oh na na na contigo por siempre baby no quiero dejarte esta vez one day youll love me again one day youll love me for sure one day youll wakeupfeelin how ive been feelin baby youll knock at my door one day youll love me again hug me again till the end one day youll beg me to try one day youll realize im more than your lover im more than your lover im your friend yeah yeah yeah yo sé que estoy en tu corazón quizá en el fondo otra baby me escribe nunca le respondo la vida da vuelta y el mundo es redondo y yo voy a que te beso de nuevo en london o si no en marbella encima de la arena viendo la estrella yo sé que ni la ola han borrao mi huella pero tu pichaera e lo que me atropella sol playa y en la arena vamo allá baby no te quede callá yo sé que tú quiere guayar conmigo otra vez me tienes en depresión fumando en la habitación eh pero yo sé que one day youll wakeupfeelin how ive been feelin baby youll knock at my door one day youll love me again hug me again till the end one day youll beg me to try one day youll realize im more than your lover im more than your lover im your friend one day youll love me again one day youll realize im more than your lover im more than your lover im your friend
1,future nostalgia,future you want a timeless song i wanna change the game like modern architecture john lautner coming your way i know you like this beatcausejeffs been dointhe damn thing you wanna turn itup loud future nostalgia is the name i know youre dying trying to figure me out my names on the tip of your tongue keep running your mouth you want the recipe but cant handle my sound my sound my sound no matter what you do im gonna get it without ya i know you aint used to a female alpha no matter what you do im gonna get it without ya i know you aint used to a female alpha cant be a rolling stone if you live in a glass house you keep on talking that talk one day youre gonna blast out you cant be bitter if im out here showing my face you want what now looks like let me give you a taste i know youre dying trying to figure me out my names on the tip of your tongue keep running your mouth you want the recipe but cant handle my sound my sound my sound no matter what you do im gonna get it without ya i know you aint used to a female alpha no matter what you do im gonna get it without ya i know you aint used to a female alpha you cant get with this if you aint built for this you cant get with this if you aint built for this i cant build you up if you aint tough enough i cant teach a man how to wear his pants i know youre dying trying to figure me out my names on the tip of your tongue keep running your mouth you want the recipe but cant handle my sound my sound my sound i know youre dying trying to figure me out my names on the tip of your tongue keep running your mouth you want the recipe but cant handle my sound my sound my sound my sound my sound my sound
2,that kind of woman,one look was enough enough for me the whole room stops and its not me to be one to be one one of many cause its a hundred othersspeaking ivebeen tryna makea step a hundred others speaking i cantmake you understand theres only one out here for ya one out here for ya ill be the first to say baby whats your name cause i want ya that kind of woman hard to pretend now i cant sit still let me show ya that kind of woman hard to pretend now i cant sit still any longer that kind of woman ill pick you from the crowd dont come to me i want you to myself no i wont be wont be one wont be one one of many cause its a hundred others speaking ive been tryna make a step a hundred others speaking i cant make you understand theres only one out here for ya one out here for ya ill be the first to say baby whats your name cause i want ya that kind of woman hard to pretend now i cant sit still let me show ya that kind of woman hard to pretend now i cant sit still any longer that kind of woman keep you close next to me i wont let you go reminisce that you once met a girl like this ill be the first to say baby whats your name cause i want ya that kind of woman hard to pretend now i cant sit still any longer that kind of woman
3,if it aint me,i bet were higher than the people on cloud 9 this connection got me feeling like ive known you my whole life wow even our shadows knoweachother in thelight so why do i think oflosing you when youre right by my side uh im not really thinking clear too good to be true and thats what i fear like what if you left me here and i fill the floor with my sequin tears i start getting in my brain something i do that i cant explain wicked loves creepin up so baby dont you let go the thought of you with someone kills me ill be dancing with my heart broke such a sad disco if it aint me and baby if you ever find another lover youll see ill be dancing with my heart broke such a sad disco if it aint me i got a little devil dancing in my mind playing tricks on my imagination ruining my night wow i try to shake it off by looking in your eyes all the voices in my head keep tryna tell me its goodbye uh im not really thinking clear too good to be true and thats what i fear like what if you left me here and i fill the floor with my sequin tears i start getting in my brain something i do that i cant explain wicked loves creepin up so baby dont you let go the thought of you with someone kills me ill be dancing with my heart broke such a sad disco if it aint me and baby if you ever find another lover youll see ill be dancing with my heart broke such a sad disco if it aint me im not really thinking clear too good to be true and thats what i fear like what if you left me here like what if you left me here and i fill the floor with my sequin tears so baby dont you let go the thought of you with someone kills me ill be dancing with my heart broke such a sad disco if it aint me and baby if you ever find another lover youll see ill be dancing with my heart broke such a sad disco if it aint me
4,levitating remix,woohoo if you wanna run away with me i know a galaxy and i can take you for a ride i had a premonition that we fell into a rhythm where the music dont stop for life glitter in the sky glitter in my eyes shining just the way i like if youre feeling like you need a little bit of company you met me at the perfect time you want me i want you baby my sugarboo im levitating the milky way is liberating yeah yeah yeah i got you moonlight youre my starlight i need you all night come on dance with me i got you moonlight youre my starlight i need you all night come on dance with me i believe that youre for me i feel it in our energy i see it written in the stars we can go wherever so lets do it now or never baby nothings ever ever too far glitter in the sky glitter in our eyes shining just the way we are i feel like were forever every time we get together no were never gonna be apart you want me i want you baby my sugarboo im levitating the milky way is liberating yeah yeah yeah i got you moonlight youre my starlight i need you all night come on dance with me i got you moonlight youre my starlight i need you all night come on dance with me you can fly away with me tonight you can fly away with me tonight baby let me take you for a ride you can fly away with me tonight you can fly away with me tonight baby let me take you for a ride lets go boy im advanced got my real tight pants when i back it up i put you in a trance if you wanna dance then show me all your bands cause tonight i might give you a chance pull up in the coupe ooh that dude he look hella cute yeah he lookin at me like ooh suck my breasts like betty boop oh my my my get to stuttering like i i i im a freak i like to play shy but i will get it poppin anything ill try it say im on his top five list on a major key like khaled dont speak open up your eyelids i can be your girl if you keep it private you want me i want you baby my sugarboo im levitating the milky way is liberating yeah yeah yeah i got you moonlight youre my starlight i need you all night come on dance with me you can fly away with me tonight you can fly away with me tonight baby let me take you for a ride you can fly away with me tonight you can fly away with me tonight baby let me take you for a ride i got you moonlight youre my starlight i need you all night come on dance with me i got you moonlight youre my starlight i need you all night come on dance with me im levitating woohoo im levitating come on come on come on dance with me im levitating im levitating come on come on come on dance with me im levitating
5,not my problem,we doin good we doin good thats your problem pulling me down like an anchor sayin its my fault youre angered telling me no one will love me telling me im gon be lonely you and me on for a good run thinking that you were a good one under your palm yeah you like that now its my turn to bite back ooh did it to yourself playing with my mind putting me through hell ooh id be broken too if you left me like like i left you not my problem not my problem call it what you want but youre not my problem cryin all the time but youre not my problem if you got issues not my problem not my problem call it what you want but youre not my problem cryin all the time but youre not my problem if you got issues doin it all for reaction doing the most in your caption making me seem like the bad guy try to bring me down but nice try i used to like you how did i like you i used to like you and now i dont ooh id be broken too if you left me like like i left you not my problem not my problem call it what you want but youre not my problem cryin all the time but youre not my problem if you got issues not my problem not my problem call it what you want but youre not my problem cryin all the time but youre not my problem if you got issues i thought i liked you i thought you was cool but im a thot when i be drinking dont be thinking shit through nevertheless you got the clue and now you blue cause i aint speaking to you aww booboo youll be cool dont boo hoo boo whats the issue gggs listening this bd she trippin im dippin im dippin im done with it im stupid im dumb come with it i heard em all ima call you one name not my problem not my problem call it what you want but youre not my problem cryin all the time but youre not my problem if you got issues not my problem not my problem call it what you want but youre not my problem cryin all the time but youre not my problem if you got issues
6,were good,im on an island even when youre close cant take the silence id rather be alone i think its pretty plain and simple we gave it all we could its time i wave goodbye from the window lets end this like we should and say were good were not meant to be like sleeping and cocaine so lets at least agree to go our separate ways not gonna judge you when youre with somebody else as long as you swear you wont be pissed when i do it myself lets end it like we should and say were good no need to hide it go get what you want this wont be a burden if we both dont hold a grudge i think its pretty plain and simple we gave it all we could its time i wave goodbye from the window lets end this like we should and say were good were not meant to be like sleeping and cocaine so lets at least agree to go our separate ways not gonna judge you when youre with somebody else as long as you swear you wont be pissed when i do it myself lets end it like we should and say were good now youre holding this against me like i knew you would im trying my best to make this easy so dont give me that look just say were good were not meant to be like sleeping and cocaine so lets at least agree to go our separate ways not gonna judge you when youre with somebody else as long as you swear you wont be pissed when i do it myself lets end it like we should and say were good
7,prisoner,prisoner prisoner locked up cant get you off my mind off my mind lord knows i tried a million times million times oh woah why cant you why cant you just let me go strung out on a feeling my hands are tied your face on my ceiling i fantasize oh i cant control it i cant control it i try to replace it with city lights ill never escape it i need the high oh i cant control it i cant control it you keep making it harder to stay but i still cant run away i gotta know why cant you why cant you just let me go prisoner prisoner locked up cant get you off my mind off my mind lord knows i tried a million times million times oh woah why cant you why cant you just let me go i tasted heaven now i cant live without it i cant forget you and your love is the loudest oh i cant control it i cant control it you keep making it harder to stay but i still cant i gotta know why cant you why cant you just let me go prisoner prisoner locked up cant get you off my mind off my mind lord knows i tried a million times million times oh woah why cant you why cant you just let me go cant get you off my mind million times i wanna know why cant you why cant you i gotta know why cant you just let me go
8,good in bed,yeah lets get to the point here you love to disappoint me dont ya you tell me what i want but aint no follow through you dont followthrough no but if youonly knew me the way you knowmy body baby then i think maybe we could probably see this through we could make it through but ive been thinking itd be better if we didnt know each other then you go and make me feel okay got me thinking itd be better if we didnt stay together then you put your hands up on my waist i know its really bad bad bad bad bad messing with my head head head head head we drive each other mad mad mad mad mad but baby thats what makes us good in bed please come take it out on me me me me me i know its really bad bad bad bad but baby thats what makes us good in bed its bad we drive each other mad it might be kinda sad but i think thats what makes us good in bed i dedicate this verse to all that good pipe in the moonlight in the long nights where we did everything but talk it through thats what we do yeah you always let me down boy but when youre going down i get so up dont know if i can find someone who do me like you do ive been thinking itd be better if we didnt know each other then you go and make me feel okay got me thinking itd be better if we didnt stay together then you put your hands up on my waist i know its really bad bad bad bad bad messing with my head head head head head we drive each other mad mad mad mad mad but baby thats what makes us good in bed please come take it out on me me me me me i know its really bad bad bad bad but baby thats what makes us good in bed its bad we drive each other mad it might be kinda sad but i think thats what makes us good in bed its bad we drive each other mad it might be kinda sad but i think thats what makes us good in bed yeah we dont know how to talk but damn we know how to fuck i know its really bad bad bad bad bad messing with my head head head head head we drive each other mad mad mad mad mad but baby thats what makes us good in bed please come take it out on me me me me me i know its really bad bad bad bad but baby thats what makes us good in bed its bad we drive each other mad it might be kinda sad but i think thats what makes us good in bed its bad we drive each other mad it might be kinda sad but i think thats what makes us good in bed
9,break my heart,ive always been the one to say the first goodbye had to love and lose a hundred million times had to get it wrong to know justwhati like now imfalling you say my name like ihave never heard before im indecisive but this time i know for sure i hope im not the only one that feels it all are you falling centre of attention you know you can get whatever you want from me whenever you want it baby its you in my reflection im afraid of all the things it could do to me if i wouldve known it baby i wouldve stayed at home cause i was doing better alone but when you said hello i knew that was the end of it all i shouldve stayed at home cause now there aint no letting you go am i falling in love with the one that could break my heart oh no i was doing better alone but when you said hello i knew that was the end of it all i shouldve stayed at home cause now there aint no letting you go am i falling in love with the one that could break my heart i wonder when you go if i stay on your mind two can play that game but you win me every time everyone before you was a waste of time yeah you got me centre of attention you know you can get whatever you want from me whenever you want it baby its you in my reflection im afraid of all the things it could do to me if i wouldve known it baby i wouldve stayed at home cause i was doing better alone but when you said hello i knew that was the end of it all i shouldve stayed at home cause now there aint no letting you go am i falling in love with the one that could break my heart oh no i was doing better alone but when you said hello i knew that was the end of it all i shouldve stayed at home cause now there aint no letting you go am i falling in love with the one that could break my heart ooh break my heart ooh break my heart ooh am i falling in love with the one that could break my heart i wouldve stayed at home cause i was doing better alone but when you said hello i knew that was the end of it all i shouldve stayed at home cause now there aint no letting you go am i falling in love with the one that could break my heart oh no i was doing better alone but when you said hello i knew that was the end of it all i shouldve stayed at home cause now there aint no letting you go am i falling in love with the one that could break my heart
10,fever,before you came around i was doin just fine usually usually usually i dont pay no mind and when it came down i was lookin in your eyes suddenly suddenly suddenly i can feel it inside ive got a fever so can you check hand on my forehead kiss my neck and when you touch me baby i turn red ive got a fever so can you check peut être quavec du temps ça partira et pourtant et pourtant et pourtant je ne my vois pas comme un médicament moi je suis rien sans toi et je sais quе jessaie que jе perds du temps dans tes bras ive got a fever so can you check hand on my forehead kiss my neck and when you touch me baby i turn red ive got a fever so can you check car dans mes yeux ça se voit la fièvre dans les yeux oui ça se voit mon cœur se serre jai du feu dans la voix le plus souvent cest quand je pense à toi ive got a fever hand on my forehead and when you touch me baby i turn red ive got a fever so can you check tell me what you wanna do right now tell me what you wanna do right now tell me what you wanna do right now cause i dont really wanna cool it down tell me what you wanna do right now tell me what you wanna do right now tell me what you wanna do right now cause i dont really wanna cool it down car dans mes yeux ça se voit la fièvre dans les yeux oui ça se voit mon cœur se serre jai du feu dans la voix le plus souvent cest quand je pense à toi
11,boys will be boys,its second nature to walk home before the sun goes down and put your keys between your knuckles when theres boys around isnt it funny how welaughit off tohide our fear when theres nothing funnyhere sick intuition that they taught us so we wont freak out we hide our figures doing anything to shut their mouths we smile away to ease the tension so it dont go south but theres nothing funny now when will we stop saying things cause theyre all listening no the kids aint alright oh and they do what they see cause its all on tv oh the kids aint alright boys will be boys will be boys will be boys will be boys but girls will be women boys will be boys will be boys will be boys will be boys but girls will be women im sure if theres something that i cant find the words to say i know that there will be a man around to save the day and that was sarcasm in case you needed it mansplained i shouldve stuck to ballet when will we stop saying things cause theyre all listening no the kids aint alright oh and they do what they see cause its all on tv oh the kids aint alright boys will be boys will be boys will be boys will be boys but girls will be women boys will be boys will be boys will be boys will be boys but girls will be women if youre offended by this song youre clearly doing something wrong if youre offended by this song then youre probably saying boys will be boys will be boys will be boys will be boys but girls will be women when will we stop saying things cause theyre all listening no the kids aint alright oh and they do what they see cause its all on tv oh the kids aint alright boys will be boys will be boys will be boys will be boys but girls will be women boys will be boys will be boys will be boys will be boys but girls will be women
12,love again,i never thought that i would find a way out i never thought id hear my heart beat so loud i cant believe theres something left inmychest anymore but goddamn you got me in love again iused to think that i was made out of stone i used to spend so many nights on my own i never knew i had it in me to dance anymore but goddamn you got me in love again show me that heavens right here baby touch me so i know im not crazy never have i ever met somebody like you used to be afraid of love and what it might do but goddamn you got me in love again you got me in love again you got me in love again you got me in love again again so many nights my tears fell harder than rain scared i would take my broken heart to the grave id rather die than have to live in a storm like before but goddamn you got me in love again show me that heavens right here baby touch me so i know im not crazy never have i ever met somebody like you used to be afraid of love and what it might do but goddamn you got me in love again you got me in love again you got me in love again you got me in love again again i cant believe i cant believe i finally found someone ill sink my teeth in disbelief cause youre the one that i want i cant believe i cant believe im not afraid anymore goddamn you got me in love again la la la la la la la la la la la la i never thought that i would find a way out i never thought id hear my heart beat so loud i cant believe theres something left in my chest anymore oh goddamn you got me in love again i cant believe i cant believe i finally found someone ill sink my teeth in disbelief cause youre the one that i want i cant believe theres something left inside my chest anymore but goddamn you got me in love again you got me in love again you got me in love again you got me in love again again
13,hallucinate,pocketful of honey and im ready to go no i aint got no money but im letting you know that ima love you like a fool breathe youintill i hallucinate body make you silly make youdo what i want oh baby i can make it pretty i could string you along but ima love you like a fool breathe you in till i hallucinate no i couldnt live without your touch no i could never have too much ill breathe you in forever and ever hallucinate i hallucinate when you call my name got stars in my eyes and they dont fade when you come my way im losing my mi mi mi mind mi mi mi mind mi mi mi mind mi mi mi mind i hallucinate when you call my name got stars in my put you in my hall of fame middle of the wall yeah youre my one my favourite my ride or die oh yeah ima love you like a fool breathe you in till i hallucinate no i couldnt live without your touch no i could never have too much ill breathe you in forever and ever hallucinate i hallucinate when you call my name got stars in my eyes and they dont fade when you come my way im losing my mi mi mi mind mi mi mi mind mi mi mi mind mi mi mi mind i hallucinate when you call my name got stars in my wanna be right where you are lets go dancing in the dark dont wait you can push to start lose control kill me slowly with your kiss wrap me round your fingertips damn i need another hit i hallucinate when you call my name got stars in my eyes and they dont fade when you come my way im losing my mi mi mi mind mi mi mi mind mi mi mi mind mi mi mi mind i hallucinate when you call my name got stars in my
14,levitating,if you wanna run away with me i know a galaxy and i can take you for a ride i had a premonition that we fell intoarhythm where the musicdont stop for life glitter in thesky glitter in my eyes shining just the way i like if youre feeling like you need a little bit of company you met me at the perfect time you want me i want you baby my sugarboo im levitating the milky way were renegading yeah yeah yeah yeah yeah i got you moonlight youre my starlight i need you all night come on dance with me im levitating you moonlight youre my starlight i need you all night come on dance with me im levitating i believe that youre for me i feel it in our energy i see us written in the stars we can go wherever so lets do it now or never baby nothings ever ever too far glitter in the sky glitter in our eyes shining just the way we are i feel like were forever every time we get together but whatever lets get lost on mars you want me i want you baby my sugarboo im levitating the milky way were renegading yeah yeah yeah yeah yeah i got you moonlight youre my starlight i need you all night come on dance with me im levitating you moonlight youre my starlight i need you all night come on dance with me im levitating you can fly away with me tonight you can fly away with me tonight baby let me take you for a ride yeah yeah yeah yeah yeah im levitating you can fly away with me tonight you can fly away with me tonight baby let me take you for a ride yeah yeah yeah yeah yeah my love is like a rocket watch it blast off and im feeling so electric dance my ass off and even if i wanted to i cant stop yeah yeah yeah yeah yeah my love is like a rocket watch it blast off and im feeling so electric dance my ass off and even if i wanted to i cant stop yeah yeah yeah yeah yeah you want me i want you baby my sugarboo im levitating the milky way were renegading i got you moonlight youre my starlight i need you all night come on dance with me im levitating you can fly away with me tonight you can fly away with me tonight baby let me take you for a ride yeah yeah yeah yeah yeah im levitating you can fly away with me tonight you can fly away with me tonight baby let me take you for a ride yeah yeah yeah yeah yeah i got you moonlight youre my starlight i need you all night come on dance with me im levitating you moonlight youre my starlight i need you all night come on dance with me im levitating
15,pretty please,somewhere in the middle i think i lied a little i i said if we took it there i wasnt gonna change but that went out the window yeah i know that i seem alittle stressed out but youre here now and youre turning me on i wanna feel a different kinda tension yeah you guessed it the kind thats fun hate it when you leave me unattended cause i miss ya and i need your love when my mind is runnin wild could you help me slow it down put my mind at ease pretty please i need your hands on me sweet relief pretty please exactly where i want me yeah underneath your body yeah if we take it further i swear i aint gonna break so baby come try me baby come find me baby dont wind me up i know that i seem a little stressed out but youre here now and youre turning me on i wanna feel a different kinda tension yeah you guessed it the kind thats fun hate it when you leave me unattended cause i miss ya and i need your love when my mind is runnin wild could you help me slow it down put my mind at ease pretty please i need your hands on me sweet relief pretty put my mind at ease trickle down my spine oh you look so pretty please every single night i need your hands on me when your kisses climb oh you give me sweet relief made me feel so pretty would you help me out please pretty pretty pretty pretty hate it when you leave me unattended cause i miss ya and i need your love when my mind is runnin wild could you help me slow it down put my mind at ease trickle down my spine oh you look so pretty please every single night i need your hands on me when your kisses climb oh you give me sweet relief made me feel so pretty would you help me out please pretty please
16,new rules remix,one one one one one talkin in my sleep at night makin myself crazy wrote it down and read it out hopin it would save me cmon my love he makes me feel like nobody else nobody else but my love he doesnt love me so i tell myself i tell myself one dont pick up the phone you know hes only callin cause hes drunk and alone two dont let him in youll have to kick him out again three dont be his friend you know youre gonna wake up in his bed in the morning and if youre under him you aint gettin over him i got new rules i count em i got new rules i count em i gotta tell them to myself i got new rules i count em i gotta tell them to myself i keep pushin forwards but he keeps pullin me backwards now im standin back from it i finally see the pattern but my love he doesnt love me so i tell myself i tell myself i do i do i do one dont pick up the phone you know hes only callin cause hes drunk and alone two dont let him in youll have to kick him out again three dont be his friend you know youre gonna wake up in his bed in the morning and if youre under him you aint gettin over him i got new rules i count em i got new rules i count em i gotta tell them to myself i got new rules i count em i gotta tell them to myself practice makes perfect im still tryna learn it by heart eat sleep and breathe it rehearse and repeat it cause i one dont pick up the phone you know hes only callin cause hes drunk and alone two dont let him in youll have to kick him out again three dont be his friend you know youre gonna wake up in his bed in the morning and if youre under him you aint gettin over him i got new rules i count em i got new rules i count em i gotta tell them to myself i got new rules i count em i gotta tell them to myself dont let him in dont let him in dont dont dont dont dont be his friend dont be his friend dont dont dont dont dont let him in dont let him in dont dont dont dont dont be his friend dont be his friend dont dont dont dont youre gettin over him
17,that kind of woman remix,stand back stand back stand back stand back stand back stand back stand back stand back stand back stand back stand back stand back stand back stand back stand back stand back one look was enough enough for me the whole room stops and its not me to be one to be one ill pick you from the crowd dont come to me i want you to myself no i wont be wont be one wont be one ill be the first to say baby whats your name cause i want ya that kind of woman hard to pretend now i cant sit still let me show ya that kind of woman woman that kind of woman woman that kind of woman woman that kind of woman woman that kind of woman that kind of woman cause its a hundred others speaking ive been tryna make a stand a hundred others speaking i cant make you understand theres only one out hеre for ya that kind of woman hard to pretend now i cant sit still any longеr that kind of woman woman that kind of woman woman that kind of woman hard to pretend now i cant sit still any longer that kind of woman that kind of woman
18,break my heart remix,for sure i like falling for sure i like falling for sure i like falling for sure i like falling ive always been the one to say the first goodbye had to love and lose a hundred million times i wouldve yeah i wouldve stayed at home cause i i wouldve yeah i wouldve oh no i wouldve yeah i wouldve stayed at home cause i i wouldve yeah i wouldve oh no i hope im not the only one that feels it all are you falling for sure i like falling centre of attention i wouldve yeah i wouldve stayed at home cause i i wouldve yeah i wouldve oh no i wouldve yeah i wouldve stayed at home cause i i wouldve yeah i wouldve oh no ive always been the one to say the first goodbye had to love and lose a hundred million times had to get it wrong to know just what i like now im falling you say my name like i have never heard before im indecisive but this time i know for sure i hope im not the only one that feels it all are you falling i wouldve yeah i wouldve stayed at home cause i i wouldve yeah i wouldve i wouldve yeah i wouldve stayed at home cause i i wouldve oh no baby oh no for sure i like falling ive always been the one to say the first goodbye had to love and lose a hundred million times had to get it wrong to know just what i like i wouldve yeah i wouldve stayed at home cause i you say my name like i have never heard before im indecisive but this time i know for sure i hope im not the only one that feels before for sure before for sure before for sure before before for sure before before for sure before before for sure before i wouldve yeah i wouldve stayed at home cause i i wouldve yeah i wouldve oh no i wouldve yeah i wouldve stayed at home cause i i wouldve yeah i wouldve oh no i wouldve yeah i wouldve stayed at home cause i i wouldve yeah i wouldve oh no i wonder when you go if i stay on your mind two can play that game but you win me every time everyone before you was a waste of time yeah you got me i wouldve stayed at home cause i until next time this is dua lipa thanks for tuning in youve been listening in to mwah club welcome to the club
19,kiss and make up remix,future nostalgia kiss and make kiss kiss and make up we havent talked all morning bang my head bang my head against the wall im scared im falling losing all losing all my control and im tired of talking feel myself saying the same old things but this loves important dont wanna lose dont wanna lose you this way feel like we about to break up just wanna kiss and make up one last time touch me like you touch nobody put your hands all up on me tired of hearing sorry kiss and make kiss kiss and make up how about we leave this party cause all i want is you up on me tired of hearing sorry kiss and make kiss kiss and make up 아직 너를 못 떠나고 뭘 하고 있는 건지 언젠가는 다 끝날 걸 떠날 걸 알지만 feel like we about to break up just wanna kiss and make up one last time touch me like you touch nobody put your hands all up on me tired of hearing sorry
20,hallucinate remix remix,call my name call my name call my name call my name call my name call my name i hallucinate when you call my name got stars in my eyes and they dont fade when you come my way i m losing my mi mi mi mind mi mi mi mind mi mi mi mind mi mi mi mind i hallucinate when you call my name
21,physical remix,caring about me now walk away you know how common love isnt for us we created something phenomenal dont you agree dont you agree you got me feeling diamond rich nothing onthisplanet compares toit dont you agree dont you agree who needssleep sleep sleep all night ill riot with you i know you got my back and you know i got you so come on come on come on lets get physical lights out follow the noise baby keep on dancing like you aint got a choice so come on come on come on lets get physical adrenaline keeps on rushing in love the simulation were dreaming in dont you agree dont you agree i dont wanna live another life cause this ones pretty nice living it up who needs sleep all night ill riot with you i know you got my back and you know i got you so come on come on come on lets get physical lights out follow the noise baby keep on dancing like you aint got a choice so come on come on come on lets get physical hold on just a little tighter come on hold on tell me if youre ready come on baby keep on dancing lets get physical all night ill riot with you i know you got my back and you know i got you so come on come on come on lets get physical lights out follow the noise baby keep on dancing like you aint got a choice so come on come on come on lets get physical lets get physical physical lets get physical physical lets get physical physical lets get physical physical
22,love is religion remix,i see the lights dancing dancing in your eyes so how do i begin to tell you now that i can be the one to bring your angel out in this life of sin i can be your muse i can be your ally i can be your moon i can be your sacrifice i can be forever little touch of heaven tonight put your hands together and close your eyes tell me you believe get down on your knees they say love is religion so say a prayer with me i dont wanna preach but im all that you need they say love is religion so say a prayer with me they say love is religion theres a fire rising in my heart like a choir i can hear them singing our favourite song the one that played while i was layin in your arms just let me stay in your arms cause i can be your gold i can be your delight i can be feed your soul i can be your sacrifice i can be forever little touch of heaven for life put your hands together and close your eyes tell me you believe get down on your knees they say love is religion so say a prayer with me i dont wanna preach but im all that you need they say love is religion so say a prayer with me put your hands together and close your eyes put your hands together and close your eyes put your hands together and close your eyes they say love is religion they say love is religion they say love is religion they say love is religion they say love is religion they say love is religion they say love is religion if you dont wanna see me
23,hallucinate remix,all the girls stomp your feet like this all the girls stomp your feet like this all the girls stomp your feet like this all the girls stomp your feet like this few times ive been around that track so its not just gonna happen like that cause i aint no hollaback girl i aint no hollaback girl few times ive been around that track so its not just gonna happen like that cause i aint no hollaback girl i aint no hollaback girl breathe you in till i hallucinate ima love you like a fool breathe you in till i hallucinate breathe you in till i hallucinate ima love you like a fool breathe you in till i hallucinate breathe you in till i hallucinate ima love you like a fool breathе you in till i hallucinate breathe you in till i hallucinatе ima love you like a fool breathe you in till i hallucinate breathe you in till i hallucinate
24,break my heart cosmic girl remix,cosmic shes cosmic cosmic shes cosmic ooh i must have died and gone to heaven ive always been the one to say the first goodbye had to love and lose a hundred million times had to get it wrong to know just what i like now im falling centre of attention you know you can get whatever you want from me whenever you want it baby its you in my reflection im afraid of all the things it could do to me if i wouldve known it baby i wouldve stayed at home cause i was doing better alone but when you said hello i knew that was the end of it all i shouldve distant solar system sends me into hyperspace ow
25,love again remix,i never thought that i would find a way out i never thought id hear my heart beat so loud i cant believe theres something left in my chest anymore but goddamn you got me in love again i used to think that i was made out of stone i used to spend so many nights on my own i never knew i had it in me to dance anymore but goddamn you got me in love again show me that heavens right here baby touch me so i know im not crazy never have i ever met somebody like you used to be afraid of love and what it might do but goddamn you got me in love again you got me in love again you got me in love again again so many nights my tears fell harder than rain scared i would take my broken heart to the grave id rather die than have to live in a storm like before but goddamn you got me in love again show me that heavens right here baby touch me so i know im not crazy never have i ever met somebody like you used to be afraid of love and what it might do but goddamn you got me in love again you got me in love again you got me in love again you got me in love again dance a dan dance anymore dance a dan dance anymore dance a dan dance anymore dance dan dance anymore
26,don t start now remix,bout me bout me bout me bout me bout me if you wanna believe that anything could stop me if you dont wanna see me dancing with somebody if you wanna believe that anything could stop me if you dont wanna see me dancing with somebody if you wanna believe that anything could stop me im better on the other im better on the other dont show up dont start caring about me now walk away you know how dont start caring about me now arent you the guy who tried to hurt me with the word goodbye though it took some time to survive you im better on the other if you dont wanna see me dancing with somebody if you wanna believe that anything could stop me if you dont wanna see me dancing with somebody if you wanna believe that anything could stop me im better on the other im better on the other
27,boys will be boys remix,boys will be boys but girls will be women boys will be boys but girls will be women boys will be boys but girls will be women boys will be boys but girls will be women boys will be boys but girls will be women boys will be boys but girls will be women boys will be boys but girls will be women its second nature to walk home before the sun goes down and put your keys between your knuckles when theres boys around isnt it funny how we laugh it off to hide our fear when theres nothing funny here sick intuition that they taught us so we wont freak out we hide our figures doing anything to shut their mouths we smile away to ease the tension so it dont go south but theres nothing funny now when will we stop saying things cause theyre all listening no the kids aint alright oh and they do what they see cause its all on tv oh the kids aint alright boys will be boys will be boys will be boys will be boys but girls will be women boys will be boys will be boys will be boys will be boys but girls will be women boys will be boys will be boys will be boys will be boys but girls will be women boys will be boys will be boys will be boys will be boys but girls will be women but girls will be women but girls will be women boys will be boys but girls will be women boys will be boys but girls will be women boys will be boys but girls will be women boys will be boys but girls will be women boys will be boys but girls will be women boys will be boys but girls will be women boys will be boys but girls will be women boys will be boys but girls will be women
28,pretty please remix,lief pretty lief pretty oh you look so pretty lief pretty put my mind at lief pretty put my mind at pretty put my mind at somewhere in the middle i think i lied a little i i said if we took it there i wasnt gonna change but that went out the window yeah hate it when you leave me unattended cause i miss ya and i need your love when my mind is runnin wild could you help me slow it down put my mind at ease trickle down my spine oh you look so pretty please every single night i need your hands on me sweet relief pretty please hey whats up its louie vega from masters at work youre listening to with dua lipa and the blessed madonna
29,future nostalgia remix,hey this is dua lipa and youre listening to with the blessed madonna no matter what you do i m gonna get it without ya i know you aint used to a female alpha no matter what you do im gonna get it without ya i know you ain t used to a female alpha no matter what you do im gonna get it without ya i know you aint used to a female alpha no matter what you do im gonna get it without ya i know you aint used to a female alpha no matter what you do im gonna get it without ya i know you aint used to a female alpha no matter what you do im gonna get it without ya i know you ain t used to a female alpha you want a timeless song i wanna change the game like modern architecture john lautner coming your way i know you like this beat cause jeffs been doin the damn thing you wanna turn it up loud future nostalgia is the name i know youre dying trying to figure me out my names on the tip of your tongue keep running your mouth you want the recipe but cant handle my sound my sound my sound no matter what you do i m gonna get it without ya i know you aint used to a female alpha no matter what you do im gonna get it without ya i know you aint used to a female alpha cant be a rolling stone if you live in a glass house you keep on talking that talk one day youre gonna blast out you cant be bitter if im out here showing my face you want what now looks like let me give you a taste
30,cool remix,i guess were ready for the summer i like us better when were intertwined the way you touch me got me losin my senses put your love with your lips on mine on mine on mine you got me working up an appetite tite and the colour of the sky looking nice o nice you know you know you know baby i could see us in the real life you know you know you got got me losin all my cool cause im burnin up on you in control of what i do and i love the way you move well get the heat and the thrill gives you more than any pill never runnin out of juice when its only me and you you got me you got me losin all my cool skintight ill show you heaven theres nothing better ill give it to you all night you know you know you know got me losin all my cool yeah you like the way i move in control of what i do and my love makes you brand new got me losin all my cool cause im burnin up on you in control of what i do and i love the way you move well get the heat and the thrill gives you more than any pill never runnin out of juice when its only me and you hey go woo yeah ah ah hey ah ah ah ah ah
31,good in bed remix,yeah lets get to the point here you love to disappoint me dont ya you tell me what i want but aint no follow through you dont follow through no but if you only knew me the way you know my body baby then i think maybe we could probably see this through we could make it through but ive been thinking itd be better if we didnt know each other then you go and make me feel okay got me thinking itd be better if we didnt stay together then you put your hands up on my i know its really bad bad bad bad bad messing with my head head head head hеad we drive each othеr mad mad mad mad mad but baby thats what makes us good in bed please come take it out on me me me me me i know its really bad bad bad bad but baby thats what makes us good in bed its bad we drive each other mad it might be kinda sad but i think thats what makes us good in bed i dedicate this verse to all that good pipe in the moonlight in the long nights where we did everything but talk it through thats what we do yeah you always let me down boy but when youre going down i get so up dont know if i can find someone who do me like you do ive been thinking itd be better if we didnt know each other then you go and make me feel okay got me thinking itd be better if we didnt stay together then you put your hands up on my waist i know its really bad bad bad bad bad messing with my head head head head head we drive each other mad mad mad mad mad but baby thats what makes us good in bed please come take it out on me me me me me i know its really bad bad bad bad but baby thats what makes us good in bed its bad we drive each other mad it might be kinda sad but i think thats what makes us good in bed yeah we dont know how to talk but damn we know how to fu hey whats going on this is mark ronson aka mark the spark aka spark ronson aka dj old davis i have a special request i would love to hear buffalo stance by neneh cherry and uh one more thing dont you get fresh with me mmm woo yeah dj whos that gigolo on the street with his hands in his pockets and his crocodile feet hanging off the curb looking all disturbed and the boys from home they all came running they were making noise manhandling toys theres the girls on the block with the nasty curls wearing padded bras sucking beers through straws dropping down their drawers where did you get yours gigolo huh sucka gigolo gigolo huh sucka gigolo but damn we know how to fu
32,no lie,feel your eyes they all over me dont be shy take control of me get the vibe its gonna be lit tonight baby girl yuh a carry ten ton a phatness gimme some a dat mixed wid the badness look how she hot shaped like goddess but a nah jus dat is a good piece a mentals under di cap hot piece of frame an mi love how yuh trod watching every step a di pepper deh whe yuh got stayin in ma brain memory cyah detach mainly my aim is to give you this love hypnotic the way you move let me acknowledge the way you do and i would not lie baby you beam me up like scotty its so hypnotic the way you move thats why i wanted to get to you and i would not lie baby you move so hypnotic no lie i ie feel your eyes theyre all over me dont be shy take control of me get the vibe its gonna be lit tonight no li i i ie hypnotised pour another one its alright i know what you want get the vibe its gonna be lit tonight no li i ie no li i ie no li i ie its gonna be lit tonight no li i ie no li i ie no li i ie its gonna be lit tonight no lie i ie im so lit so lit my girl suh lemme see you roll it roll it my girl now lemme see you bend and fold it now let mi bone it and let mi own it my girl give yuh all the styles dat i have mastered hoist you up baby girl thats my word give you the good lovin that is preferred you deserve it so dont be scared its hypnotic the way you move let me acknowledge the way you do and i would not lie baby you beam me up like scotty its so hypnotic the way you move thats why i wanted to get to you and i would not lie baby you move so hypnotic no lie i ie feel your eyes theyre all over me dont be shy take control of me get the vibe its gonna be lit tonight no li i i ie hypnotised pour another one its alright i know what you want get the vibe its gonna be lit tonight no li i ie no li i ie no li i ie its gonna be lit tonight no lie i ie no li i ie no li i ie its gonna be lit tonight no lie i ie shake dat body lemme see you just do it give dem hundred percent move dat body lemme see you just do it girl go on represent shake dat body lemme see you just do it to the fullest extent move dat body lemme see you just do it girl youre magnificent feel your eyes theyre all over me dont be shy take control of me get the vibe its gonna be lit tonight no li i i ie hypnotised pour another one its alright i know what you want get the vibe its gonna be lit tonight no li i ie no li i ie no li i ie its gonna be lit tonight no lie i ie no li i ie no li i ie its gonna be lit tonight no lie i ie
33,scared to be lonely,it was great at the very start hands on each other couldnt stand to be far apart closer the better now were picking fights and slamming doors magnifying all our flaws and i wonder why wonder what for why we keep coming back for more is it just our bodies are we both losing our minds is the only reason youre holding me tonight cause were scared to be lonely do we need somebody just to feel like were alright is the only reason youre holding me tonight cause were scared to be lonely too much time losing track of us where was the real undefined spiraling out of touch forgot how it feels all the messed up fights and slamming doors magnifying all our flaws and i wonder why wonder what for its like we keep coming back for more is it just our bodies are we both losing our minds is the only reason youre holding me tonight cause were scared to be lonely do we need somebody just to feel like were alright is the only reason youre holding me tonight cause were scared to be lonely scared to be lonely even when we know its wrong been somebody better for us all along tell me how can we keep holding on holding on tonight cause were scared to be lonely even when we know its wrong been somebody better for us all along tell me how can we keep holding on holding on tonight cause were scared to be lonely is it just our bodies are we both losing our minds is the only reason youre holding me tonight cause were scared to be lonely scared to be lonely scared to be lonely scared to be lonely eh eh scared to be lonely
34,electricity,falling into you baby even electricity cant compare to what i feel when i m with you ooh baby giving up my ghost for you and now im see through you give me a feeling feeling so strong i know youve been treating treating yourself wrong so let me care for you ooh baby i ma love you differently ill give you electricity give it to you and even if i could i wouldnt turn on you and i would stop the world for you you know i wanna let you know ill never let this feeling go this love has no ceiling i cannot deny even if i could i wouldnt turn on you and i would stop the world for you and i i wanna let you know ill never let this feeling go this love has no ceiling i cannot deny all i see is you lately wide awake and in my dreams i see your face so vividly i dont know what id do ooh baby if you only saw a friend in me i d be bittersweet you give me a feeling feeling so strong i know you ve been treating treating yourself wrong so let me care for you ooh baby ima love you differently i ll give you electricity give it to you and even if i could i wouldnt turn on you and i would stop the world for you you know i wanna let you know ill never let this feeling go this love has no ceiling i cannot deny even if i could i wouldnt turn on you and i would stop the world for you and i i wanna let you know i ll never let this feeling go this love has no ceiling i cannot deny i feel electric baby so electric baby wanna let you know let you know ooh i think im ready baby i think im ready now electricity im flowing in to you i feel electric baby so electric baby wanna let you know let you know i think im ready baby i think im ready now electricity im flowing in to you and even if i could i wouldnt turn on you and i would stop the world for you you know i wanna let you know ill never let this feeling go this love has no ceiling i cannot deny even if i could i wouldnt turn on you and i would stop the world for you and i i wanna let you know ill never let this feeling go this love has no ceiling i cannot deny i feel electric baby so electric baby wanna let you know let you know i think im ready baby i think im ready now electricity i feel electric baby so electric baby wanna let you know let you know i think im ready baby i think im ready now electricity
35,kiss and make up,we havent talked all morning bang my head bang my head against the wall im scared im falling losing all losing all my control and im tired of talking feel myself saying the same old things but this loves important dont wanna lose dont wanna lose you this way feel like we about to break up just wanna kiss and make up one last time touch me like you touch nobody put your hands all up on me tired of hearing sorry kiss and make kiss kiss and make up how about we leave this party cause all i want is you up on me tired of hearing sorry kiss and make kiss kiss and make up kiss kiss and make up kiss and make kiss kiss and make up kiss kiss and make up kiss and make kiss kiss and make up 아직 너를 못 떠나고 뭘 하고 있는 건지 언젠가는 다 끝날 걸 떠날 걸 알지만 feel like we about to break up just wanna kiss and make up one last time touch me like you touch nobody put your hands all up on me tired of hearing sorry so tell me can we work this whole thing out work this whole thing out so tell me can we work this whole thing out work this whole thing out kiss kiss and make up touch me like you touch nobody how about we leave this party kiss kiss and make up kiss and make kiss kiss and make up kiss kiss and make up kiss and make kiss kiss and make up
36,one kiss,one kiss is all it takes fallin in love with me possibilities i look like all you need let me take the night i love real easy and i know that youll still wanna see me on the sunday morning music real loud let me love you while the moon is still out something in you ou ou lit up heaven in me e e the feeling wont let me slee ee eep cause im lost in the way you move the way you feel one kiss is all it takes fallin in love with me possibilities i look like all you need one kiss is all it takes fallin in love with me possibilities i look like all you need i just wanna feel your skin on mine feel your eyes do the exploring passion in the message when you smile take my time something in you ou ou lit up heaven in me e e the feeling wont let me slee ee eep cause im lost in the way you move the way you feel one kiss is all it takes fallin in love with me possibilities i look like all you need one kiss is all it takes fallin in love with me possibilities i look like all you need see a wonderland in your eyes might need your company tonight something in you ou ou lit up heaven in me e e the feeling wont let me slee ee eep cause im lost in the way you move the way you feel one kiss is all it takes fallin in love with me possibilities i look like all you need one kiss is all it takes fallin in love with me possibilities i look like all you need
37,want to,im young for tonight its all under my control i wont hesitate its my turn to make that call i just want a touch i aint here for love no more okay yeah i wont stop nah no guess what eh la eh la its my body ride a golden light eh la eh la its my body ill dance if i want to eh la eh la its my body eh la eh la its my body some people do but some they just like to talk okay some shoot the breeze but some like to leave a mark okay some need the light and some people like the dark okay yeah i wont stop nah no guess what eh la eh la its my body ride a golden light eh la eh la its my body ill dance if i want to eh la eh la its my body eh la eh la its my body gimme release keep the drugs gimme relief keep the love just gimme a piece of that one piece of that give it to me dont judge just give it to me no heart no second degree tonight run free tonight ill dance if i want to ah ooh my body my body my body yeah my body my body my body eh la eh la its my body gonna dance if i want to want to gonna dance if i want to want to
38,running,you you turn gold to dust now what was trust is lost now what is all this darkness you have inside i just cant ignore it from my heart whats pouring cause this hurt i can no longer hide baby its the last time its the last time im bout it bout it check it with a flashlight its the last night youll get up on it if you wanna save it ooh better shoot straight like a laser ooh i aint waiting for you you now im running for my life been too many miles tryna find the road to you cause you you just wanna drive with no place in mind where the hell we going to oh im running running got me running running ooh im running running got me running running ooh boom barrel love a gun pow ill be on the run now cant take no more bullets through my wounds i just cant ignore it from my heart whats pouring cause this hurt i can no longer hide baby its the last time its the last time im bout it bout it check it with a flashlight its the last night youll get up on it if you wanna save it ooh better shoot straight like a laser ooh i aint waiting for you you now im running for my life been too many miles tryna find the road to you cause you you just wanna drive with no place in mind where the hell we going to oh im running running got me running running ooh im running running got me running running ooh im running running got me running running ooh im running running got me running running ooh so watch it blow when i let it go when i cut this rope and run run by the time you wake itll be too late now the bullets left the gun yeah now im running for my life been too many miles tryna find the road to you cause you you just wanna drive with no place in mind where the hell we going to oh im running running got me running running ooh im running running got me running running ooh im running running got me running running ooh im running running got me running running ooh
39,bad together,know youre bad for me but you know i am too me and you together like a loved up bruise ill make you an offer that you cant refuse baby youre okay baby youre okay no you wont wont go breaking my heart youve seen that we got the same pain same scar felt that when we got closer in the dark baby im okay baby im okay baby when when youre far away i promise you ill be good i guess were misunderstood so baby please dont hear what people say cause ive heard things bout you too makes me know that im for you oh no i dont care whats been done here before me i dont give a damn just as long as you care cause baby ive been bad but the heavens forgave me you dont need to ask cause im already there lets be bad together baby you and i lets be bad together if only for a while lets be bad together make the devil smile lets be bad together lets be bad together ooh yeah nothing could stop us we got it all the love the passion but most of all we mess up but run from the scene but i throw my hands up if you know what i mean ah cause im not afraid to tell you when youre wrong and i know that you miss me when im gone we make a great team with you im badder than ive ever been baby when when youre far away i promise you ill be good i guess were misunderstood so baby please dont hear what people say cause ive heard things bout you too makes me know that im for you oh no i dont care whats been done here before me i dont give a damn just as long as you care cause baby ive been bad but the heavens forgave me you dont need to ask cause im already there lets be bad together baby you and i lets be bad together if only for a while lets be bad together make the devil smile lets be bad together lets be bad together ooh yeah lets be bad babe lets be bad lets be bad babe lets be bad lets be bad babe lets be bad lets be bad babe oh no i dont care whats been done here before me i dont give a damn just as long as you care cause baby ive been bad but the heavens forgave me you dont need to ask cause im already there lets be bad together baby you and i lets be bad together if only for a while lets be bad together make the devil smile lets be bad together lets be bad together ooh yeah
40,new love,now its getting quiet here now its getting blue and this baby aint no fair taking up my youth youve been telling me some lies i be thinking its the truth but i see it in your eyes the things that you do i dont wanna waste no time all alone want somewhere to go something to call my own and i aint satisfied where to go lost out on the road washed up on the shore and ive been through mountains and seas tryna get you to come back to me and ive been far and ive been so deep now i find it harder and harder to breathe and i need some new love new love new love even though ive run away i still come back no theres nothing more to say its all been said ive been trying to explain the things we had to all of my friends who say that ive gone mad i dont wanna waste no time all alone want somewhere to go something to call my own and i aint satisfied where to go lost out on the road washed up on the shore and ive been through mountains and seas tryna get you to come back to me and ive been far and ive been so deep now i find it harder and harder to breathe and i need some new love new love new love and i need some new love new love new love easy come easy go why are we living on living on if were not getting on getting on can we just let it go cause were waiting for a miracle why wait for a miracle yeah and ive been through mountains and seas tryna get you to come back to me and ive been far and ive been so deep now i find it harder and harder to breathe and i need some new love new love new love and i need some new love new love new love
41,last dance,fatal this attraction yeah we might just end up crashin but im ready if it happens with you meet me out in cali when im far away from family and i need someone to hold onto youre the only thing i know and i dont wanna let this go close to you i feel feel like im at home cant wait til were alone we were built to last we were built like that baby take my hand dive in this romance we could burn and crash we could take a chance holdin nothin back like its our last dance like its our last dance like its our last dance my heart wide open fallin in and out of focus pressure flowin like a river in my head crying you aint with me and its floodin the whole city while my souls burnin like a cigarette youre the only thing i know and i dont wanna let this go close to you i feel feel like im at home cant wait til were alone we were built to last we were built like that baby take my hand dive in this romance we could burn and crash we could take a chance holdin nothin back like its our last dance like its our last dance like its our last dance like its our last dance like its our last dance way too soon to feel so strong way too young to hurt so long im hurtin was it worth it way too soon to feel so strong way too young to hurt so long im hurtin was it worth it like its our last dance like its our last dance like its our last dance
42,room for 2,up and down it all comes back around push and shove do you feel better now knock knock knock youll come tumblin down karmas got a kiss for you why are you blamin me for all your insecurities i never did anything but you closed the door slammed shut on me somethin a little bit bitter that shouldve been sweet i wont compete youre like a king with a crown lookin down hopin i wont eat up and down it all comes back around push and shove do you feel better now knock knock knock youll come tumblin down karmas got a kiss for you up and down it all comes back around push and shove do you feel better now knock knock knock youll come tumblin down karmas got a kiss for you remember what it felt like to start the climb im just like you maybe youll better with time and well leave it behind theres room for two you shouldve never done somethin like that to someone you cant undo thought you were under the radar but under the chaos i see through up and down it all comes back around push and shove do you feel better now knock knock knock youll come tumblin down karmas got a kiss for you up and down it all comes back around push and shove do you feel better now knock knock knock youll come tumblin down karmas got a kiss for you im hopin one day you will change see everyone aint the same were more than machines you saw a spark where there wasnt a flame and you barely remember my name do you feel complete up and down it all comes back around push and shove do you feel better now knock knock knock youll come tumblin down karmas got a kiss for you up and down it all comes back around push and shove do you feel better now knock knock knock youll come tumblin down karmas got a kiss for you
43,homesick,here where the skys falling im covered in blue im running and im crawling fighting for you when the rain stops then darling what will i do and i know i go all in but why do i you give me a reason something to believe in i know i know i know you give me a meaning something i can breathe in i know i know i know its a bittersweet feeling longing and im leaving i go i go i go but i wish i was there with you oh i wish i was there with you theres a crack in my window a bird in my room angels all over that watch over you when im walking on water all my dreams have come true still nothing means nothing without you you you give me a reason something to believe in i know i know i know you give me a meaning something i can breathe in i know i know i know its a bittersweet feeling longing and im leaving i go i go i go tell my heart to lie but i know deep inside its true that i wish i was there with you that i wish i was there with you oh i wish i was there with you you give me a reason something to believe in i know i know i know you give me a meaning something i can breathe in i know i know i know its a bittersweet feeling longing and im leaving i go i go i go tell my heart to lie but i know deep inside its true that i wish i was there with you that i wish i was there with you oh i wish i was there with you
44,new rules,talkin in my sleep at night makin myself crazy wrote it down and read it out hopin it would save me my love he makes me feel like nobody else nobody else but my love he doesnt love me so i tell myself i tell myself one dont pick up the phone you know hes only callin cause hes drunk and alone two dont let him in youll have to kick him out again three dont be his friend you know youre gonna wake up in his bed in the morning and if youre under him you aint gettin over him i got new rules i count em i got new rules i count em i gotta tell them to myself i got new rules i count em i gotta tell them to myself i keep pushin forwards but he keeps pullin me backwards now im standin back from it i finally see the pattern but my love he doesnt love me so i tell myself i tell myself i do i do i do one dont pick up the phone you know hes only callin cause hes drunk and alone two dont let him in youll have to kick him out again three dont be his friend you know youre gonna wake up in his bed in the morning and if youre under him you aint gettin over him i got new rules i count em i got new rules i count em i gotta tell them to myself i got new rules i count em i gotta tell them to myself practice makes perfect im still tryna learn it by heart eat sleep and breathe it rehearse and repeat it cause i one dont pick up the phone you know hes only callin cause hes drunk and alone two dont let him in youll have to kick him out again three dont be his friend you know youre gonna wake up in his bed in the morning and if youre under him you aint gettin over him i got new rules i count em i got new rules i count em i gotta tell them to myself i got new rules i count em i gotta tell them to myself dont let him in dont let him in dont dont dont dont dont be his friend dont be his friend dont dont dont dont dont let him in dont let him in dont dont dont dont dont be his friend dont be his friend dont dont dont dont youre gettin over him
45,begging,all of these highs and all of these lows dont keep me company ive been breathing you in and drinking you down youre the only remedy say youre gonna hold my head up say youre gonna break my fall say youre gonna stay forever baby this is all i want cause all my bones are begging me to beg for you begging me to beg for your love oh my lungs are begging me to beg for you begging me to beg for your love swear im gonna hold your head up swear im gonna break your fall swear were gonna last forever baby this is all i want cause all my bones are begging me to beg for you begging me to beg for your love losing my mind dreaming ill find another kind of love but this blood in my veins and the thought of your taste no i cant give it up so look at my face im not running away cause all my bones are begging me to beg for you begging me to beg for your love swear im gonna hold your head up swear im gonna break your fall swear were gonna last forever baby this is all i want cause all my bones are begging me to beg for you begging me to beg for your love say youre gonna hold my head up say youre gonna break my fall say youre gonna stay forever baby this is all i want swear im gonna hold your head up swear im gonna break your fall swear were gonna last forever baby this is all i want cause all my bones are begging me to beg for you begging me to beg for your love oh my lungs are begging me to beg for you begging me to beg for your love
46,thinking bout you,3 a m and my neighbors hate me music blasting shaking these walls this time mary jane wont save me ive been working later ive been drinking stronger ive been smoking deeper but the memories wont stop i cant stop thinking bout you i cant stop thinking bout you i cant get high i cant get by i cant get through i cant stop thinking bout you like poison coursing through me so clear my vision is blurred the haze wont put my mind at ease ive been sleeping later ive been breathing stronger ive been digging deeper but the memories wont stop i cant stop thinking bout you i cant stop thinking bout you i cant get high i cant get by i cant get through i cant stop thinking bout you i want you all say it before you run out of time i want you all say it before its too late i want you all say what i am feeling now i want you all waiting is insane i cant stop thinking bout you i cant stop thinking bout you i cant get high i cant get by i cant get through i cant stop thinking bout you i cant stop thinking bout you i cant get high i cant get by i cant get through i cant stop thinking bout you
47,garden,remember when we swam in the ocean now we know whats deep inside remember when we ran in the open now we know whats in the wild used to think that this love was heaven sent how did we get lost cant get back again tell me is there light on the outside so are we leaving this garden of eden are we leaving this garden of eden used to walk around your apartment nothing but a smile on me but tonight im so self conscious isnt it so clear to see nothings ever perfect in paradise dont know what its worth til you pay the price when you bite your tongue does it draw blood so are we leaving this garden of eden are we leaving this garden of eden now i know what i know but it s hard to find the meaning where do we go cause we dont believe in this garden of eden this garden of eden i have cried for you and ill ride for you i would die for you but would you do that for me tell the truth what you wanna do is it me and you are you with me honey i have cried for you and ill ride for you i would die for you but would you do that for me tell the truth what you wanna do is it me and you are you with me so are we leaving this garden of eden are we leaving this garden of eden now i know what i know but its hard to find the meaning where do we go cause we dont believe in this garden of eden this garden of eden remember when we swam in the ocean now we know whats deep inside remember when we ran in the open so are we leaving are we leaving now i know what i know but its hard to find the meaning where do we go cause we dont believe in this garden of eden this garden of eden
48,dreams,last night my fantasies become oh so true you said you wanted me as much as i want you if i said it hadnt crossed my mind then oh baby id be lying it just got complicated i dont know what to do can i get it like that that that let me know cause i really like that that that when you go and i know its not real but the way that i feel i just need to know can i get it like that that that let me know cause i really like that that that when you go and i know its not real but the way that i feel i just need to know know know know in my dreams you say you want me my body in my dreams you say you need me believe me in my dreams you say you love me say youll never leave my dreams in my dreams you love me like yeah you love me right oh yeah you love me like yeah you love me right oh yeah you love me like yeah you love me right oh yeah you love me like you love me right in my dreams inside im screaming loud im calling out your name its time you started listening dont think you can hear me cause if you really wanna go right round time is tickin we gotta leave now time is tickin we gotta leave town tonight hey can i get it like that that that let me know cause i really like that that that when you go and i know its not real but the way that i feel i just need to know know know know in my dreams you say you want me my body in my dreams you say you need me believe me in my dreams you say you love me say youll never leave my dreams in my dreams you love me like yeah you love me right oh yeah you love me like yeah you love me right oh yeah you love me like yeah you love me right oh yeah you love me like you love me right in my dreams in my dreams dreams dreams yeah in my dreams dreams dreams yeah in my dreams oh in my dreams you say you want me my body in my dreams you say you need me believe me in my dreams you say you love me say youll never leave my dreams in my dreams you love me like yeah you love me right oh yeah you love me like yeah you love me right oh yeah you love me like yeah you love me right oh yeah you love me like you love me right in my dreams yeah in my dreams yeah in my dreams
49,no goodbyes,maybe one day i can see you we can smile and wave and itll be okay maybe one day itll be cool we could just be friends without the complications that it brings when we start saying things yeah i hurt you and you hurt me yeah we did some things that we can never take back and we tried hard just to fix it but we broke it more and so i guess some things are not meant to last is it too much to ask for tonight lets love like theres no goodbyes just for tonight pretend that its all alright why dont we hold each other use each other whisper pretty lies just for tonight lets love like theres no goodbyes no goodbyes no goodbyes no goodbyes eh in a dark room we dont have to see the light of truth between me and you we can stay blind in the meantime let our bodies say what we can never seem to communicate even though its too late for tonight lets love like theres no goodbyes just for tonight pretend that its all alright why dont we hold each other use each other whisper pretty lies just for tonight lets love like theres no goodbyes no goodbyes no goodbyes no goodbyes eh no goodbyes no goodbyes no goodbyes eh maybe one day ill see you just smile and wave and be okay for tonight lets love like theres no goodbyes for tonight pretend that its all alright why dont we hold each other use each other whisper pretty lies just for tonight lets love like theres no goodbyes no goodbyes no goodbyes no goodbyes eh no goodbyes no goodbyes no goodbyes eh
50,blow your mind remix,i know its hot i know weve got something that money cant buy fighting in fits biting your lip loving til late in the night tell me im too crazy you cant tame me cant tame me tell me i have changed but im the same me old same me inside hey if you dont like the way i talk then why am i on your mind if you dont like the way i rock then finish your glass of wine we fight and we argue youll still love me blind if we dont fuck this whole thing up guaranteed i can blow your mind mwah and tonight im alive aint no dollar sign guaranteed i can blow your mind mwah and tonight im alive aint no dollar sign guaranteed i can blow your mind mwah yeah im so bad best that youve had i guess youre diggin the show open the door you want some more when you wanna leave let me know tell me im too crazy you cant tame me cant tame me tell me i have changed but im the same me old same me inside hey if you dont like the way i talk then why am i on your mind if you dont like the way i rock then finish your glass of wine we fight and we argue youll still love me blind if we dont fuck this whole thing up guaranteed i can blow your mind mwah and tonight im alive aint no dollar sign guaranteed i can blow your mind mwah and tonight im alive aint no dollar sign guaranteed i can blow your mind mwah and tonight im alive aint no dollar sign and tonight im alive aint no dollar sign tell me im too crazy you cant tame me cant tame me tell me i have changed but im the same me old same me inside hey mwah if you dont like the way i talk then why am i on your mind if you dont like the way i rock then finish your glass of wine we fight and we argue youll still love me blind if we dont fuck this whole thing up guaranteed i can blow your mind mwah and tonight im alive aint no dollar sign guaranteed i can blow your mind mwah and tonight im alive aint no dollar sign guaranteed i can blow your mind mwah
51,genius,i see the moon i see the moon i see the moon oh when youre looking at the sun im not a fool im not a fool not a fool no youre not fooling anyone oh but when youre gone when youre gone when youre gone oh baby all the lights go out thinking oh that baby i was wrong i was wrong i was wrong come back to me baby we can work this out oh baby come on let me get to know you just another chance so that i can show that i wont let you down and run no i wont let you down and run cause i could be the one i could be the one i could be the one i could be the one i see in blue i see in blue i see in blue oh when you see everything in red there is nothing that i wouldnt do for you do for you do for you oh cause you got inside my head oh but when youre gone when youre gone when youre gone oh baby all the lights go out thinking oh that baby i was wrong i was wrong i was wrong come back to me baby we can work this out oh baby come on let me get to know you just another chance so that i can show that i wont let you down and run no i wont let you down and run cause i could be the one i could be the one i could be the one be the one be the one be the one be the one be the one be the one i could be the one be the one be the one be the one be the one be the one be the one i could be the one be the one be the one be the one be the one be the one be the one i could be the one be the one be the one be the one be the one be the one be the one will you be mine oh baby come on let me get to know you just another chance so that i can show that i wont let you down and run no i wont let you down and run cause i could be the one i could be the one i could be the one
52,lost in your light,over and over waves of frightening feelings floating weightless im willing my will keeps bending and breaking honey hold me trust me let me ride in your love all night babe hold me touch me i wanna die in your love all night babe lost in your light baby i wanna stay right here all night baby lets get lost in the light baby i wanna stay right here all night baby oh now everythings vivid vivid torture tempted with pleasure im reckless tangled suspended you want it all nothings wasted woman hold me trust me hold me trust me lost in your light baby i wanna stay right here all night baby lets get lost in the light baby i wanna stay right here all night baby midnight your eyes bitter wine conversations you and me some money babe i dont need a paycheck one taste and im hooked on it dont lie i know you want it im addicted to your light lost in your light baby i wanna stay right here all night baby i wanna stay right here all night baby
53,hotter than hell,ah yeah ah yeah he calls me the devil i make him wanna sin every time i knock he cant help but let me in must be homesick for the real im the realest it gets you probably still adore me with my hands around your neck can you feel the warmth yeah as my kiss goes down you like some sweet alcohol where im coming from yeah its the darker side of me that makes you feel so numb cause i m hot like hell does it burn when im not there and youre by yourself am i the answer to your prayers im giving you that pleasure heaven and ill give it to you hotter than hell hotter than hell youre my manna from heaven we all gotta get fed can t let me know im wanted can t let me in your head im not here to make you kneel but its praise that i get you aint gonna walk free boy not finished with you yet no can you feel the warmth yeah as my kiss goes down you like some sweet alcohol where i m coming from yeah its the darker side of me that makes you feel so numb cause im hot like hell does it burn when im not there and youre by yourself am i the answer to your prayers im giving you that pleasure heaven and ill give it to you hotter than hell hotter than hell oh youre down right there you make me feel right there when you lay me down right there we just make it right there cause youre looking so right there baby you should touch me right there if you take me right there we could make it cause im hot like hell does it burn when im not there and youre by yourself am i the answer to your prayers im giving you that pleasure heaven and ill give it to you hotter than hell hotter than hell hotter than hell hotter than hell and ill give it to you hotter than hell
54,idgaf,you call me all friendly tellin me how much you miss me thats funny i guess youve heard my songs well im too busy for your business go find a girl who wants to listen cause if you think i was born yesterday you have got me wrong so i cut you off i dont need your love cause i already cried enough ive been done ive been movin on since we said goodbye i cut you off i dont need your love so you can try all you want your time is up ill tell you why you say youre sorry but its too late now so save it get gone shut up cause if you think i care about you now well boy i dont give a fuck i remember that weekend when my best friend caught you creepin you blamed it all on the alcohol so i made my decision cause you made your bed sleep in it play the victim and switch your position im through im done so i cut you off i dont need your love cause i already cried enough ive been done ive been movin on since we said goodbye i cut you off i dont need your love so you can try all you want your time is up ill tell you why you say youre sorry but its too late now so save it get gone shut up cause if you think i care about you now well boy i dont give a fuck i see you tryna get to me i see you beggin on your knees boy i dont give a fuck so stop tryna get to me tch get up off your knees cause boy i dont give a fuck about you no i dont give a damn you keep reminiscin on when you were my man but im over you now youre all in the past you talk all that sweet talk but i aint comin back cut you off i dont need your love so you can try all you want your time is up ill tell you why ill tell you why you say youre sorry but its too late now so save it get gone shut up cause if you think i care about you now well boy i dont give a fuck i see you tryna get to me i see you beggin on your knees boy i dont give a fuck so stop tryna get to me tch get up off your knees cause boy i dont give a fuck
55,genesis,in the beginning god created heaven and earth for what its worth i think that he mightve created you first just my opinion your body is the one paradise that i wanna fly to every day and every night ive been sick and tired of running chasing all of the flashing lights these late nights dont mean nothing so i just wanna apologize im sorry so sorry im sorry yeah i need your love and im dying for the rush cause my heart aint got enough i need your touch this is getting serious tell me that its not the end of us how can we go back to the beginning how can we go back to the beginning without you ive got no air to breathe in how can we go back to the beginning dont matter whats written we can start all over again all over again oh how can i get you all over my skin my deep intuition tells me that im doing you wrong if i dont come home just say you forgive me and dont let me go ive been sick and tired of running chasing all of the flashing lights these late nights dont mean nothing so i just wanna apologize im sorry so sorry im sorry yeah i need your love and im dying for the rush cause my heart aint got enough i need your touch this is getting serious tell me that its not the end of us how can we go back to the beginning how can we go back to the beginning without you ive got no air to breathe in how can we go back to the beginning you know ill roar like a lion for you you know ill keep trying til the sun starts rising i need your love and im dying for the rush cause my heart aint got enough i need your touch this is getting serious tell me that its not the end of us how can we go back to the beginning how can we go back to the beginning without you ive got no air to breathe in how can we go back to the beginning
56,dont start now remix,bout me now bout me woo if you dont wanna see me if you dont wanna see me so if you dont wanna see me dancing with somebody if youwannabelieve that anythingcould stop me dont show up dontcome out dont start caring about me now walk away you know how dont start caring about me now dancing with dancing with dancing with s dancing with dancing with so if you dont wanna see me dancing with somebody if you wanna believe that anything could stop me if you dont wanna see me dancing with somebody if you wanna believe that anything could stop me dont show up dont come out dont start caring about me now walk away you know how dont start caring about me now dont show up dont come out dont start caring about me now walk away you know how dont start caring about me now if you dont wanna see me dancing with somebody if you wanna believe that anything could stop me dont show up dont come out dont start caring about me now walk away you know how dont start caring about me now
57,cool,guess i never had a love like this hit me harder than i ever expected we been up all goddamn night all night all night keepit going tillwe see the sunlight and the colourof the sky looking nice o nice you know you know you know baby i could see us in the real life you know you know you got got me losin all my cool cause im burnin up on you in control of what i do and i love the way you move well get the heat and the thrill gives you more than any pill never runnin out of juice when its only me and you you got me you got me losin all my cool i guess were ready for the summer i like us better when were intertwined the way you touch me got me losin my senses put your love with your lips on mine on mine on mine you got me working up an appetite tite and the colour of the sky looking nice o nice you know you know you know baby i could see us in the real life you know you know you got got me losin all my cool cause im burnin up on you in control of what i do and i love the way you move well get the heat and the thrill gives you more than any pill never runnin out of juice when its only me and you you got me you got me losin all my cool i guess were ready for the summer you got me you got me losin all my cool i guess were ready for the summer skintight ill show you heaven theres nothing better ill give it to you all night you know you know you know got me losin all my cool yeah you like the way i move in control of what i do and my love makes you brand new got me losin all my cool cause im burnin up on you in control of what i do and i love the way you move well get the heat and the thrill gives you more than any pill never runnin out of juice when its only me and you when its only me and you i guess were ready for the summer you got me you got me losin all my cool i guess were ready for the summer you got me you got me losin all my cool
58,physical,common love isnt for us we created something phenomenal dont you agree dont you agree you got me feeling diamond rich nothing on this planet compares to it dont you agree dontyouagree who needs togo to sleep when i gotyou next to me all night ill riot with you i know you got my back and you know i got you so come on come on come on lets get physical lights out follow the noise baby keep on dancing like you aint got a choice so come on come on come on lets get physical adrenaline keeps on rushing in love the simulation were dreaming in dont you agree dont you agree i dont wanna live another life cause this ones pretty nice living it up who needs to go to sleep when i got you next to me all night ill riot with you i know you got my back and you know i got you so come on come on come on lets get physical lights out follow the noise baby keep on dancing like you aint got a choice so come on come on come on lets get physical hold on just a little tighter come on hold on tell me if youre ready come on baby keep on dancing lets get physical hold on just a little tighter come on hold on tell me if youre ready come on baby keep on dancing lets get physical all night ill riot with you i know you got my back and you know i got you so come on come on come on lets get physical lights out follow the noise baby keep on dancing like you aint got a choice so come on come on come on lets get physical lets get physical physical lets get physical come on phy phy phy physical
59,dont start now,if you dont wanna see me did a full one eighty crazy thinking bout the way i was did the heartbreak change me maybe but look at where i ended up im all good already so moved on its scary im not where you left me at all so if you dont wanna see me dancing with somebody if you wanna believe that anything could stop me dont show up dont come out dont start caring about me now walk away you know how dont start caring about me now arent you the guy who tried to hurt me with the word goodbye though it took some time to survive you im better on the other side im all good already so moved on its scary im not where you left me at all so if you dont wanna see me dancing with somebody if you wanna believe that anything could stop me dont show up dont come out dont start caring about me now walk away you know how dont start caring about me now up up dont come out out out dont show up up up dont start now up up dont come out out im not where you left me at all so if you dont wanna see me dancing with somebody if you wanna believe that anything could stop me dont show up dont come out dont start caring about me now walk away you know how dont start caring about me now up up dont come out out out dont show up up up walk away walk away up up dont come out out out dont show up up up walk away walk away oh
